Item,Quantity_Sales,Amount_Sales,Quantity_Purchases,Amount_Purchases
ACT SANDROP PB CREAMY 100G,1,50,3,137.61
ACT SUNDROP PEANUT BUTTER CREAME,1,250,1,220.15
ACT SUNDROP PEANUT BUTTER CRUNCH,2,500,2,380.68
ALFA PLATE MEDIUM 1NO,25,112.5,0,0
ALPH LOLIPOP,31,160,240,"1,075.20"
AMUL DARK CHOCOLATE CONE,3,135,0,0
AMUL FRESH CREAM 1LTR,4,880,11,"2,266.00"
AMUL MITHAI MATE 7.5KG,3,"5,625.00",0,0
AMUL VANILA CONE,5,150,20,495
AMULYA DAIRY W . 10KG JAR,1,"4,000.00",0,0
APPY 600 ML RED BTL,9,315,6,164.58
APPY FIZZ 125 BTL RED,7,70,0,0
ASIANS MACRONI CANDY,6,240,0,0
BABY RUSK 250G,1,50,4,180
BABY RUSK 500G,3,300,4,320
BADHAM (LOOSE)1KG,0.75,750,0,0
BAKERS ICE POWDER,1,40,0,0
BALL ICE,1,10,0,0
BANANA BISCUT 250G,5,400,5,350
BANANA BISCUT 500G,1,160,0,0
BANANA BOLI 1 PCS,100,"1,500.00",100,"1,300.00"
BAT PAPPADOM 90G,2,20,0,0
BINGO HASHTAG CREM&ONION,1,10,24,214.56
BLACK CURRENT ICE CREAM SHAKE,1,90,0,0
BLUE MOON MOJITO,2,160,0,0
BN LADDU INO,3,36,0,0
BONDA 1NO,29,348,30,300
BOOST SHAKE,1,70,0,0
BREAD 1NO,177,"7,080.00",120,"4,560.00"
BRITANNIA 50-50 SWEET AND SALTY 76G,47,470,12,107.4
BRITANNIA GOOD DAY CASHEW,1,10,22,200.86
BRITANNIA GOOD DAY CHOCOCHIP,3,90,18,273.24
BRITANNIA NUTRI CHOICE CRACKER,22,220,0,0
BRITANNIA NUTRI CHOICE OATS 150G,7,525,0,0
BRITANNIA NUTRI CHOICE RAGI 150G,4,300,12,804.96
BRITANNIA TREAT CROISSANT MIXED F,6,120,3,54.15
BUN 1 PKT (5NO),"1,451.00","58,040.00",120,"3,600.00"
BUN LOOSE,2,20,0,0
BURGER,11,660,15,870
BUTTER BUN 250G,1,50,4,160
BUTTER BUN 500G,1,100,4,320
BUTTER SALT COOKIES 150G,1,65,0,0
BUTTERSCOTCH ICE CREAM SHAKE,13,"1,170.00",0,0
CADBURY DAIRY MILK SILK OREO,2,170,6,455.4
CADBURY DAIRYMILK SILK CHOCO,13,"1,020.00",6,401.76
CAKE CARAMEL 1KG,1,700,0,0
CAKE CHOCO CHIP 1 KG,1,"1,000.00",0,0
CAKE CHOCO FANTASY 1KG,1,850,0,0
CAKE CRUNCHY VELVET 1 KG,1,"1,000.00",0,0
CAKE MANGO 1KG,1,700,1,650
CAKE VANCHO 1KG,3,"2,700.00",3,"2,400.00"
CAMERRY BUTTERSCOTCH CONE,103,"4,120.00",24,800.16
CAMERRY CHOCOBAR WITH PO,18,540,0,0
CAMERRY CHOCOLATE BULK 4L,1,820,0,0
CAMERRY DILSE CASSATA RED VELVET,7,245,0,0
CANDIES 70G,1,20,0,0
CANDLE 1NO,2,34,0,0
CANDYMAN ECLAIRS,125,125,250,247.5
CARDOMAM 1KG(ELAKKA),0.02,60,0,0
CARROT & DATES CAKE 800G,23,"9,660.00",15,"5,700.00"
CARROT& DATES CAKE 400G,13,"2,730.00",10,"1,950.00"
CASHEW (NUTS) 1KG,0.3,240,0,0
CASHEW NUTS (FULL),0.6,600,0,0
CENTRE FRESH,201,201,0,0
CENTRE FRUIT,23,23,200,180
CHICKEN SANDWICH,17,680,18,684
CHIKKU SHAKE,3,240,0,0
CHILLY SODA,19,570,0,0
CHURUTU 10 NOS.,17,850,20,960
COCONUT BISCUIT,3,210,2,130
COCONUT BISCUT 250G,1,80,2,150
COFFEE,148,"3,570.00",0,0
CORNFLAKES BISCUTE 250G,3,240,0,0
COVER,0.3,6,0,0
CREAM BELL MILK CHOCOLATE,4,120,26,715
CUPCAKE 1NO,40,400,50,150
CUPCAKE CHOCOLATTE 1NO,10,100,0,0
CUTLET 1NO,119,"2,380.00",125,"2,250.00"
DATES,0.75,250,0,0
DATES 1KG,2.15,570,0,0
EASTERN KASHMIRI CHILLI 250G,2,344,0,0
ESSENCE,1,28,0,0
FILZ CENTER,63,63,150,121.5
FRENCH FRIES,7,350,0,0
FRESH ANAR JUICE,2,160,0,0
FRESH MANGO JUICE,3,210,0,0
FRESH MIXED JUICE,1,90,0,0
FRESH PINEAPPLE JUICE,3,240,0,0
FROOTI 160ML BTL,88,880,40,350.8
FROOTI TETRA 125 ML,39,390,80,706.4
GALAXY SHAKE,6,480,0,0
GINGER LIME,3,90,0,0
GOLD WINNER 1LTR,21,"2,520.00",20,"2,420.00"
GOOD DAY PISTA BADAM,1,25,0,0
GOODLIFE NANDINI MILK 500ML,9,297,0,0
GRAMBU 1KG,0.02,20,0,0
GRAPE LIME,5,150,0,0
HALDIRAM NAMKEEN PENUT 200G,2,100,0,0
HALDIRAM SHENG BHAJIA,3,150,0,0
HALDIRAMS SOAN PAPDI REG,3,210,0,0
HALVA 1KG(MAIDHA),15.15,"2,272.50",0,0
HALVA 1KG(RICE),1,250,0,0
HALVA SP 1KG(RICE),27.48,"6,868.75",0,0
HORLICKS SHAKE,1,70,0,0
HORLICKS WOMEN CARAMEL 400G JAR,1,345,0,0
IMPORTED COINS CANDY,2,10,0,0
IMPORTED MASHMELLO,1,15,0,0
IMPORTED WAFFER,2,200,0,0
INDIA GATE (HAIMA RICE) 1KG,2,260,0,0
JELLY  1KG,0.3,120,2,600
JILEBI 1NO,92,"1,104.00",75,750
JOLY RANGER (LOLLI POP),166,830,0,0
JR CHAPPATHI,4,160,0,0
KARUVAPATTA 1KG,0.02,10,0,0
KELLOGGS CHOCOS,35,350,0,0
KELLOGGS CORN FLAKES 475G,1,205,0,0
KF TOP CUP SPICED CHICKEN,5,250,3,128.67
KIDILAN SHARJAH,3,270,0,0
KISAN,1,20,0,0
KISSMISS GREEN 1KG,0.2,80,0,0
KITCHEN CUMIN 50G,1,80,0,0
KITCHEN GINGER GARLIC PASTE 100G,1,35,0,0
KITCHEN PUTTU PODI 1 KG,1,68,0,0
KITCHEN VERMICELLY PAYASAM MIX 30,1,82,0,0
KITKAT SHAKE,1,80,0,0
KOPICO,19,19,0,0
KOTTAYAAM VINAGIRI,1,125,0,0
KURUMPULLU 1KG,1,50,0,0
LADDU 1NO,171,"2,052.00",150,"1,500.00"
LAYS CLASSIC SALT,2,60,5,139.25
LAYS GOURNMET,12,360,34,947.14
LAYS HOT & SWEET,1837,540370,51,858.15
LAYS MAGIC MASALA,1,50,66,821.88
LAYS MAX PEPPERY,4,40,10,91.1
LAZZA,8,450,0,0
LAZZA CHOCOBAR,4,100,0,0
LAZZA CUP VANILA,6,60,0,0
LAZZA VANILA 1LTR,1,200,0,0
LIFE LINE BADAM,6,300,0,0
LIFE LINE CASHEW,5,250,0,0
LIFE LINE VANILA,8,400,0,0
LOTTE CHOCO 1 PCS 25 G,6,60,0,0
MAA TETRA,25,250,0,0
MACRONS BISCUT 250G,4,320,4,300
MAGGI MAS RS 55,33,"1,848.00",0,0
MAGGI MASALA 560G,1,112,0,0
MALABAR CHEESE BALL,1,40,6,150
MANGO SHAKE,1,80,0,0
MARBLE CAKE 400G,6,960,7,980
MARBLE CAKE 800G,13,"4,160.00",10,"2,800.00"
MARIES CORNFLAKES MIXTURE 179,2,100,5,179.2
MARIES MACRONI SWEETS,5,150,0,0
MARIES PEANUT CANDY 130G,11,385,20,546
MARIES PEANUT CANDY 240G,6,390,25,"1,314.60"
MARIES PEANUT CANDY70G,4,100,10,178.5
MARIES POPCORN 60G,1,25,5,89.25
MARIES SESAM BALL S WHITE 10 PCS,6,240,20,558.6
MARIES SESAM BALLS BLACK 10 PCS,5,200,15,418.95
MARIES SWEET BANANA CHIPS 150GM,11,770,10,504
MARIES TAPIOCA CHIPS CHILLI 170G,12,600,10,358.4
MARIES THATTA 130G,1,50,20,716.8
MARIES TOMATO MURUKKU 130G,6,300,10,358.4
MARIES UZHUNNADA 130G,2,100,0,0
MASALA BISCUIT 250G,18,"1,440.00",5,325
MASALA BISCUIT 500G,3,480,0,0
MEAT ROLL 1NO,11,330,15,405
MELODY,6,10,0,0
MERCELYS FRUITBAR PINEAPPLE,25,250,0,0
MERCELYS LOLLY,46,460,24,190.32
MILK PEDA TIN,1,65,0,0
MILKMAID TIN 380G,10,"1,430.00",6,765.12
MILKY MIST CURD 1LTR,3,414,6,708
MILKY MIST CURD 400G,65,"2,470.00",40,"1,355.80"
MILKY MIST WHIP CREAM 250 ML,2,200,0,0
MILKYBAR MOULD 13.2G,50,500,30,269.1
MILMA CURD,3,105,0,0
MILMA MILK 500G,33,924,80,"2,080.00"
MINI PIZZA,3,150,5,240
MINT,10,10,0,0
MIXED FRUIT HALVA 1KG,1.15,287.5,0,0
MIXTURE,3,900,0,0
MOJOIES CHOCOLATE RS 5,11,55,0,0
MUNCH MAX,3,60,0,0
NABATI RICHEESE RS 10,25,250,10,85
NADAN KUZHALAPAM 200GM,41,"3,280.00",45,"3,375.00"
NARANJA SWEAT PAC 1NO,1,10,0,0
NEERA 300ML,0.3,18,0,0
NEERA LTR,1,200,0,0
NEYYAPPAM 1NO,108,"1,296.00",110,"1,100.00"
NIRAPARA PALADA MIX,1,79,0,0
NORMAL FALOODA,27,"2,720.00",0,0
NORMAL FRUIT SALAD,14,930,0,0
NORMAL LIME,118,"2,360.00",0,0
NUTRIN LOLLIPOP,60,120,230,404.8
ORBIT 1NO,23,115,96,425.28
OREO CHOCO,16,160,36,323.88
OREO SHAKE,22,"1,540.00",0,0
PAF MIXTURE CANDY BALL,2,100,11,411.45
PAF PEANUT BAR CANDY 90 GM,3,120,12,360.12
PAPER GLASS 1NO,125,87.5,0,0
PAPER PLATE (SMALL) 1NO,100,100,0,0
PAPER PLATE 1NO,510,765,0,0
PAPER ROLL 1KG,0.82,82,0,0
PARIPPU VADA 1NO,76,912,80,800
PARLE HIDE & SEEK CHOCO ROLL,2,80,0,0
PARLE HIDE & SEEK CREAM ORANGE,5,150,12,324.24
PARLE HIDE & SEEK CREAM STRW,6,180,12,324.24
PARLE HIDE & SEEK CREAM VANILA,6,180,12,324.24
PEASTARY 1NO,11,330,0,0
PERUMJEERAKAM 1KG,0.1,40,0,0
PH LIVE KIWI CRNCHI CARMBIL,5,200,0,0
PINEAPPLE LIME,3,90,0,0
PLATHINSEON AVALOSUNDA 10NO,15,"1,200.00",0,0
PLATHINSEON BEANS BISCUT,2,80,0,0
PLUM CAKE 400G,9,"1,440.00",10,"1,500.00"
PLUM CAKE 800G,2,640,5,"1,550.00"
POPPINS,4,20,0,0
PRAN POTATO CREAM N ONION,3,75,18,378
PUFS 1NO,134,"2,680.00",150,"2,700.00"
RICH BROWN BREAD 400G,1,40,5,175
RICH DAD BUTTERSCOTCH 1LTR,1,300,1,234.01
RICH DAD CHOCO,1,300,1,242
ROASTED PEANUT KG,2.05,676.5,0,0
ROUND BREAD 1NO,7,315,5,210
RUCHIYIDAM KACHA MANGO,1,65,0,0
RUSK 250G,5,246,0,0
RUSK 500G,145,"14,345.00",100,"8,500.00"
SAMOSA,58,870,60,780
SANTHIGITI PAPPATAM,3,90,0,0
SHARJAH SHAKE,48,"2,890.00",0,0
SLICE MANGO,60,600,40,356.8
SNICKERS SHAKE,2,180,0,0
SODA LIME,112,"2,240.00",0,0
SPANISH DELIGHT ICE CREAM SHAKE,6,540,0,0
SPOON MIDIUM 1NO,300,150,0,0
SPRITE 1LTR,1,55,6,269.04
SUGAR LESS RUSK 250G,1,48,0,0
SUGAR LESS RUSK 500G,18,"1,670.00",15,"1,350.00"
SUNFEAST ARROWROOT,2,60,12,303
SUNFEAST BOUNCE ELADHI,8,80,24,211.68
SUNFEAST DARK FANTACY CHOCO FILL,2,150,6,392.34
SUNFEAST DARK FANTACY CHOCOLATE,7,280,0,0
SUNFEAST DARK FANTACY VANILA,5,200,0,0
SUNFEAST MARIE LIGHT OATSFIBRE 20,3,90,12,314.16
SWEET NAN,21,378,25,375
TASTY CUP CAKES VANILLA 140G(6NOS),2,100,5,230
TASTY CUP CAKKE CHOCOLATE 140G(6,2,100,5,230
TATA COPPER WATER.,1,20,24,300
TEA,111,"1,665.00",0,0
TEA BISCUITS 250G,5,275,5,225
TEA BISCUITS 500G,70,"7,700.00",50,"5,400.00"
TEA RUSK 250G,6,600,10,950
TEA RUSK 500G,4,800,5,850
THAKKOLAM 1KG,0.01,10,0,0
TIC TAC,17,255,48,614.4
TISSUE PAPER,1,10,0,0
TOMATO MURUKKU,0.8,280,0,0
TROPICANA CRANBERRY,2,270,0,0
TROPICANA MIXED FRUIT,3,60,10,166.7
TROPICANA ORANGE,1,20,10,166.7
TROPICANA POMEGRANTE,22,440,10,166.7
ULLIVADA 1NO,25,300,30,300
UNCLE JOHN BALL  ICE 1 PCS,4,40,0,0
UNIBIC BUTTER CLASSIC 110G,1,30,0,0
UNIBIC CASHEW COOKIES,1,55,3,150
UNIBIC CHOCO CHIP 150G,1,55,3,150
UNIBIC CHOCO NUTS,8,440,6,300
UNIBIC DIGESTIVE COOKIES BUY ONE G,16,800,6,272.7
UNIBIC SNAPPERS INDI SPICE,1,75,3,204.54
UNIBIC WAFFERS CREAMY CHOCO,1,60,6,300
UNNIMADURAM 200G,15,750,15,150
UNNIYAPPAM 1KG,16,"3,840.00",15,"3,570.00"
UNNIYAPPAM 1NO,20,240,20,200
UZHUNNUVADA 1NO,104,"1,248.00",120,"1,200.00"
VADA,13,156,0,0
WINK SWISS PLUM,1,60,0,0
WINKIES SLICED FRUITICAKE,10,300,18,468
WINKIES SLICED PINEAPPLE,2,60,21,546
ZIB LOCK,24,192,0,0
ZIB LOCK 1NO,12,82,0,0
PVC CLING WARP 100MTRS,1,125,0,0
DREAM CAKE 400G,2,"1,296.75",0,0
PUTHUMAS DATES WITH NUT 350G,2,540,0,0
PUTHUMAS DATE WITH BADAM 350G,1,270,0,0
BOUNTY 2X 28.5G,7,210,0,0
"MALABAR""S HONEY BALLS 20NOS.",4,120,10,200
MALANADU PASSION FRUIT SQUASH,2,560,0,0
CADBURY DAIRY MILK LICKABLES,5,225,6,229.02
CADBURY BOURNVITA BISCUIT 120G,11,385,12,350.04
CADBURY OREO VANILA,34,340,36,324.24
CADBURY DAIRY MILK CHOCO 25G,34,680,0,0
CADBURY DAIRY MILK MAHA PACK 52G,26,"1,040.00",30,"1,071.30"
CADBURY BOURNVITA GAR 500G,3,735,6,"1,320.30"
CADBURY OREO CHOCOLATE 120G,2,70,0,0
CADBURY 5 STAR 20.5G,12,120,0,0
CADBURY CHOCOBAKE 150G,2,140,12,772.92
BOURNVITTA FIVE STAR MAGIC JAR 500,1,275,2,509.26
CADBURY GEMS 7.9G,158,790,94,436.16
CADBURY GEMS SURPRISE BOLL 15.8G,4,180,0,0
NUTELLA FERRERO 180G,8,"1,760.00",0,0
KINDER JOY GIRLS 20G,51,"2,295.00",0,0
KINDER CREAMY 19G,9,225,0,0
KINDER JOY BOYS 20G,73,"3,285.00",48,"1,862.40"
PRAN POTATA SPICY BISCUIT 100G,40,"1,000.00",30,615
PRINGLES POTATO CHIPS (RED)110G,3,345,3,313.62
PRINGLES POTATO CHIPS (GREEN) 110G,13,"1,495.00",0,0
PRINGLES POTATO CHIPS(WHITE),1,115,0,0
NESCAFE CLASSIC 100G,1,330,2,616.84
POLO 1NO,15,75,72,298.8
MUNCH 1NO,159,795,0,0
CUP NOODLES CHICKEN 70G,2,100,0,0
BROOKE BOND RED LABLE DUST 250G,3,240,0,0
BRU INSTANT 100G,2,440,0,0
BRU INSTANT 2.2G,"1,268.00","2,536.00","1,440.00","2,551.68"
BRU INSTANT 5.5G,4,20,120,524.4
LIPTON GREEN TEA 100G,2,310,0,0
BRU INSTANT 11.9,50,500,36,315
HORLICKS CLASSIC MALT 500G,1,294,6,"1,633.38"
BOOST BOTTLE 500G,8,"2,392.00",0,0
BRU SUPER STRONG 200G,47,"10,025.00",35,"6,323.00"
HORLICKS JUNIOR VANILLA FLAVOUR J,2,660,0,0
HORLICKS BISCUITS 85G,7,70,0,0
HORLICKS BISCUITS 300G,22,"1,320.00",0,0
HORLICKS CLASSIC MALT 20G,59,295,75,344.25
BOOST 17G,277,"1,385.00",165,757.35
KNORR MIXED VEGETABLE SOUP,5,300,6,330.3
KNOOR SWEET CORN CHICKEN SOUP,8,515,6,330.3
KANAN DEVAN TEA 100G,3,99,0,0
KANAN DEVAN TEA 250G,1,80,0,0
TATA COFFEE GRAND 200G,1,173,0,0
NESCAFE CHILLED LATTE 180ML,1,45,27,"1,080.00"
MAGGI MASALA NOODLES 140G,14,392,24,616.56
NESTLE NAN PRO 400G 1,4,"3,080.00",0,0
MUNCH,13,130,70,627.9
MAGGI CHICKEN NOODLES 284G,25,"2,000.00",24,"1,761.36"
NESTLE EVERYDAY 200G,11,"1,320.00",8,"1,111.20"
KITKAT 12.8G,110,"1,100.00",126,"1,145.34"
MAGGI CHICKEN NOODLES 142G,12,480,12,440.4
MAGGI MASALA FAMILY FUN PACKNO,6,637,0,0
NESTLE NAN PRO 3,3,"2,355.00",2,"1,440.38"
NESTLE NAN PRO 400G 4,4,"3,080.00",2,"1,440.38"
NESTLE LACTOGEN 400G 2,3,"1,245.00",2,733.94
NESTLE MILKYBAR 24.5,10,200,24,430.56
NESTLE LACTOGEN 3 400 G,3,"1,285.00",2,779.82
NESTLE CERELAC MUL FRU 12-24 MONTH,4,"1,228.00",9,"2,563.33"
NESTLE EVERYDAY 400G,1,222,0,0
MAGGI MASALA NOODLES 420G,28,"2,348.00",16,"1,233.12"
BRITANNIA GOOD DAY CHOCOCHIP COOK 8901063004146,52,"3,120.00",0,0
BRITANNIA MILK BIKIS 300G,1,55,12,601.08
BRITANNIA VITA MARIE GOLD BIS 300G,1,45,15,609.3
BRITANNIA 50-50 SSWEET & SALT 150G,28,840,12,321.96
BRITANNIA 50-50 SWEET AND SALTY 200,94,"3,290.00",0,0
BRITANNIA 50-50MASKA CHASKA 45.5G,10,100,10,91.1
BRITANNIA 50-50 TIME PASS 150G,6,150,12,261.36
BRITANNIA TIGER BRITA 150G,4,100,0,0
BRITANNIA MARIE GOLD 250G,9,360,6,216.66
BRITANNIA NUTRI CHOICE CRACKER 300,49,"2,450.00",27,"1,229.58"
BRITANNIA PURE MAGIC CHICOLUSH 75,5,175,0,0
BRITAANNIA NICE TIME,1,10,0,0
BRITANNIA TREAT CROISSANT COCOA 4,13,260,3,54.15
BRITANNIA TREAT CROISSANT VANILLA,27,540,3,54.15
BRITANNIA TREAT WAFERS VANILA,1,50,2,44.72
BRITANNIA MILK BIKIS CREAM 100G,1,30,0,0
BRITANNIA GOOD DAY CASHEW  200G,60,"3,000.00",20,906.8
BRITANNIA GOOD DAY CASHEW FAMILY,1,130,0,0
BRITANNIA THIN ARROWROOT BISCUIT,50,"1,515.00",30,784.2
BRITANNIA THIN ARROWROOT BISCUITS,63,"3,150.00",64,"2,787.20"
BRITANNIA BOURBON 50G,5,50,0,0
BRITANNIA BOURBON 100G,1,25,12,273.24
BRITANNIA NUTRI CHOICE DIGESTIVE 2,1,70,6,268.32
BRITANNIA WINKIN STRAWBERRY(MILK,1,35,0,0
BRITANNIA WINKIN COW CHOCOLICOUS,3,120,0,0
BRITANNIA TIGER KRUNCH 72G,21,210,0,0
BRITANNIA TIGER GLUCOSE 250G,17,425,12,268.32
BRITANNIA TIGER GLUCOSE 115G,1,10,0,0
BRITANNIA MILK RUSK 200G,11,385,18,563.58
BRITANNIA TOASTEA RUSK 300G,83,"4,150.00",24,"1,073.28"
BRITANNIA CAKE GOBBLES CHOCO 115,28,840,6,160.98
BRITANNIA  GOBBLES FRUITY 110G,9,270,6,160.98
BRITANNIA BISCAFE,14,420,0,0
BRITANNIA CAKE MARBLE CAKE 110G,1,30,6,163.98
BRITANNIA GOBBLES MARBLE CAKE RE,19,570,6,163.98
LOLLIPUP 1PAC,1,10,0,0
MALKIST CHEES 50RS,4,200,21,843.78
LOTTE CHOCO PIE 450G,1,180,0,0
LOTTE COFFY BITE 190 G,1,50,0,0
LOTTE  LACTO KING 440G,4,400,0,0
MALKIST CHOCO 50RS,4,200,7,281.26
CADBURY 5 STAR 10.1G,44,220,0,0
CADBURY CHOCLAIRS COFFEE 196G,4,200,0,0
GEMS 21.36G,4,40,0,0
CADBURY PERK 13G,4,20,48,217.92
CADBURY OREO VANILLA 120G,40,"1,400.00",0,0
CADBURY OREO CHOCOLATE  120G,19,665,0,0
CADBURY DAIRY MILK ROAST ALMOND,4,180,6,241.08
CADBURY DAIRY MILK SHOTS,3,30,0,0
CADBURY DAIRY MILK CHOCO 6.3G,66,330,0,0
CADBURY DAIRY MILK CHOCO 12.5G,224,"2,240.00",112,"1,018.08"
CADBURY DAIRY MILK SILK BUBBLY 50,10,850,6,455.4
CADBURY SILK OREO RED VELVET 50G,3,255,0,0
AMUL BUTTER 100G,37,"2,072.00",24,"1,245.60"
AMUL CHEESE 200G,8,"1,120.00",0,0
AMULYA DAIRY WHITENER 1KG,1,455,9,"3,833.91"
AMULYA DAIRY WHITENER 500G,1,235,12,"2,592.00"
AMUL MITHAIMATE 400G,3,348,0,0
AMUL CHOCOBAR PROBITIC FOLD,4,100,0,0
AMUL BUTTERSCOTCH CONE 1PIC,52,"1,820.00",40,"1,156.00"
AMUL CHOCOLATE COOKIES,1,80,0,0
EASTERN CHICKEN MASALA 100G,2,100,0,0
EASTERN MEAT MASALA 100G,1,49,0,0
EASTERN KASHMIRI CHILLI 100G,1,73,0,0
EASTERN CHILLI PODI 250G,2,221,4,299
LAYS CREAM & ONION 115G,3,150,11,504.68
LAYS TOMATO TANGO 115G,1,50,6,275.28
LAYS TOMATO TANGO 73G,36,"1,080.00",21,584.85
LAYS MAGIC MASALA 73G,2,60,10,278.5
LAYS CREAAM & ONION 73G,34,"1,020.00",35,974.75
KURKURE MASALA MUNCH 85G,37,740,32,594.24
KURKURE CHHILLI CHATKA,5,100,6,111.42
LAYS CREAM & ONION 50G,70,"1,400.00",55,"1,021.35"
LAYS TOMATO TANGO 50G,42,840,35,649.95
KURKURE GREEN CHUTNEY STYLE 94G,14,280,22,408.54
KURKURE NAUGHTY TOMATO  85G,41,820,16,297.12
QUAKER OATS PAC 400G,12,948,12,869.64
QUAKER OATS PAC 1KG,1,199,10,"1,825.64"
CHEETOS CHEESE BALLS,3,30,30,273.3
KURKURE MASALA MUNCH,14,140,30,273.3
KURKURE CHILLI CHATKA,25,250,20,182.2
KURKURE PUFFCORN YUMMY CHEESE 6,6,120,16,297.12
LAYS CREAM & ONION 24G,50,500,90,819.9
LAYS TOMATO TANGO 24G,37,370,60,546.6
LAYS HOT N SWEET CHILLI 50G,39,765,35,649.95
QUAKER OATS PAC 600G,8,952,9,982.53
FRU MIXED FRUIT JAM 1KG,1,170,0,0
FRU PASSION FRUIT SEED SQUASH 700M,1,175,0,0
BAKERS COCO POWDER 100G 8901493092676,2,130,0,0
FRU PINEAPPLE JAM 200G 8901493310121,1,50,0,0
FRU MIXED FRUIT JAM 100G 8901493310213,1,25,0,0
FRU MIXED FRUIT JAM 200G 8901493310220,7,350,0,0
FRU PINEAPPLE SQUASH 700ML 8901493320151,1,100,0,0
KELLOGGS CORN FLAKES 475G 8901499007971,1,205,0,0
KELLOGGS CORN FLAKES STRAWBEARY 5 8901499008688,1,170,0,0
KELLOGGS CHOCOS  CHHOTA LADDOO 2 8901499009500,3,30,0,0
KELLOGGS CHOCOS MOON STAR 375G 8901499010773,1,199,0,0
ACT-II-CLASSIC SALTED 40G 8901512540102,5,50,0,0
ACT-II-MAGIC BUTTER 30G 8901512540805,24,240,0,0
PARLE MAGIX ORANGE 91.2G 8901719103650,3,30,0,0
PARLE MAGIX CHOCOLATE 91.2G 8901719103674,5,50,0,0
PARLE HIDE AND SEEK 100G 8901719105913,13,390,0,0
PARLE FAB JAM 8901719107320,3,30,0,0
PARLE 20-20 BUTTER COOKIES  150G 8901719109867,18,450,0,0
PARLE MONACO CLASSIC REGULAR 200G 8901719110993,15,600,0,0
PARLE HIDE & SEEK BLACK BOURBONE 8901719112485,4,120,0,0
CADBURY OREO STRAWBERRY 120G 8901719115615,28,980,0,0
PARLE HIDE & SEEK CHOCO CREME 8901719115639,77,"2,310.00",0,0
PARLE HIDE AND SEEK 200G 8901719117220,40,"2,400.00",0,0
POPPINS 1NO 8901719117220,1,2,0,0
PARLE-G 100G 8901719119194,45,450,0,0
PARLE 20-20 CASHEW COOKIES 200G 8901719120510,13,455,0,0
PARLE KRACK JACK 200G 8901719120732,20,800,0,0
PARLE KRACK JACK 63G+18.9 EXTRA 8901719120961,9,90,0,0
PARLE-G 200G 8901719121838,101,"2,525.00",0,0
PARLE-G 800G 8901719121852,12,"1,080.00",0,0
PARLE  COCONUT 8901719122040,6,120,0,0
PARLE FAB BOURBON 8901719122279,3,120,0,0
PARLE MILANO CHOCO HAZELNUT 8901719125799,1,40,0,0
PARLE MILANO CHOCO FILLED DARK 8901719125812,1,40,0,0
PARLE G COOKIES 8901719125935,3,30,0,0
PARLE MELODY CHOCOLATE 195G 8901719220159,5,250,0,0
PARLE MELODY CHOCOLATE 391G 8901719220173,10,"1,000.00",0,0
PARLE KACHA MANGO BITE 277G 8901719240393,2,100,0,0
SUNFEAST DARK FANTASY CHOCOCHIPS 8901725000936,5,150,0,0
SUNFEAST DREAM CREAM CHOCO 120G 8901725102555,1,20,0,0
SUNFEAST BOUNCE STRAWBERRY DREA 8901725102579,2,40,0,0
CANDYMAN FANTASTIK 8901725106607,1,5,0,0
SUNFEAST MARIE LIGHT 200G 8901725114916,28,700,0,0
SUNFEAST MARIE LIGHT ACTIVE 250G 8901725114947,12,480,0,0
SUNFEAST MARIE LIGHT VEDA 250G 8901725114985,8,320,0,0
CANDYMAN FANTASTIK 440G 8901725115784,2,400,0,0
BINGO HASHTAG CREM&ONION 8901725116729,11,110,0,0
YIPPEE MAGIC M  NOODLES 420G 8901725116729,2,164,0,0
YIPPEE MAGIC NOODLES135G 8901725116996,20,560,0,0
YIPPEE NOODILES 270G 8901725117092,13,728,0,0
BINGO NO RULZ 17.3 8901725117481,160,800,0,0
SUNFEAST BOUNCE ORANGE 8901725118747,16,160,0,0
SUNFEAST MOMS MAGIC CASHEW & ALM 8901725118747,22,"1,100.00",0,0
SUNFEAST BOUNCE PINEAPPLE 78G 8901725118761,18,180,0,0
AASHIRVAD ATTA 1KG 8901725121747,19,"1,273.00",0,0
SUNFEAST GLUCOSE BISCUITS 250G 8901725132170,1,25,0,0
SUNFEAST DARK FANTACY COFFEE FIL 8901725132866,2,80,0,0
SUNFEAST DARK FANTASY CHOCO FILLS 8901725132873,88,"3,520.00",0,0
AASHIRVAD ATTA 2KG 8901725144104,3,390,0,0
CANDYMAN CHOCO ECLAIRS 380G 8901725144104,2,200,0,0
BINGO CREAM ONION 8901725194529,14,140,0,0
SPRITE 250ML GAN 8901764031250,2,80,0,0
SPRITE 750ML BOTTLE 8901764032271,50,"2,000.00",0,0
SPRITE 2.25L BOTTLE 8901764032905,1,99,0,0
SPRITE 250ML  BOTTLE 8901764032912,40,800,0,0
CHARGED 20RS 8901764048319,7,140,0,0
LIMCA 750ML 8901764052705,1,40,0,0
MINUTE MAID PULPY ORANGE 250ML 8901764362804,1,25,0,0
RASNA INSTA 23G 8901848001124,45,225,0,0
AVT TEA POWDER 250G 8902042111060,2,160,0,0
AVT TEA POWDER 100G 8902042302017,2,66,0,0
TROPICANA APPLE 250ML 8902080000036,12,240,0,0
STING 250ML 8902080000227,25,500,0,0
STING 500ML 8902080001644,1,30,0,0
TROPICANNA GUAVA DELIGHT 200ML 8902080011261,24,480,0,0
TROPICANA GUAVA 1L 8902080013265,3,345,0,0
TROPICANA ORNGE 1L 8902080013296,2,240,0,0
PEPSI 750ML BOTTLE 8902080104055,34,"1,360.00",0,0
PEPSI 2.25LIT BOTTLE 8902080104345,1,99,0,0
MIRINDA 250ML 8902080204021,4,80,0,0
MIRINDA 750ML 8902080204052,19,760,0,0
SEVEN UP 250 ML BOTTLE 8902080304028,7,140,0,0
SEVEN UP 750 ML BOTTLE 8902080304059,80,"3,200.00",0,0
SEVEN UP 2.25LIT 8902080304349,1,99,0,0
MOUNTAIN DEW 750ML BOTTLE 8902080364053,29,"1,160.00",0,0
SLICE 600ML 8902080404094,1,40,0,0
SLICE 1200ML 8902080404117,2,150,0,0
AQUAFINA WATER 500 ML 8902080504046,85,850,0,0
AQUAFINA  WATER 1 LIT 8902080504060,142,"2,840.00",0,0
LEHAR SODA 750ML 8902080704057,161,"3,184.00",0,0
LEHAR SODA 2 LIT 8902080704088,7,280,0,0
GRANDMAS PINEAPPLE JAM 100G 8902082803420,14,350,0,0
GRANDMAS MIXED FRUIT JAM 100G 8902082803437,12,300,0,0
GRANDMAS STRAWBERRY JAM 100G 8902082805080,1,35,0,0
GRANDMAS JAM COMBO PINE &  MIXED F 8902082806339,6,492,0,0
APPY FIZZ 600ML 8902579000004,5,175,0,0
APPY FIZZ 160ML 8902579000196,13,130,0,0
SMOODH CHOCOLATE MILK 85ML 8902579000912,1,10,0,0
FROOTI  300ML 8902579103057,1,20,0,0
FROOTI 600ML 8902579103170,1,40,0,0
APPY FIZZ CAN 250ML RED 8902579103415,3,105,0,0
FROOTI  160ML 8902579103415,27,270,0,0
APPY FIZZ 1LIT 8902579131036,1,60,0,0
MAA 160ML 8902979044561,235,"2,350.00",0,0
CAVINS VANILLA MILKSHAKE 180ML 8902979052382,22,660,0,0
CAVINS CHOCOLATE SHAKE 180ML 8902979052399,81,"2,430.00",0,0
CAVINS BUTTERSCOTCH MILKSHAKE 18 8902979052405,21,630,0,0
CAVINS STRABERRY MILKSHAKE 180ML 8902979052412,12,360,0,0
HALDIRAMS SALTED PEANUTS 200G 8904004404647,1,50,0,0
HALDIRAMS ORANGE SOAN PAPDI  250G 8904004405514,5,350,0,0
HALDIRAMS GULAB JAMUN500G 8904004405934,1,125,0,0
DOUBLE HORSE VERMICELLI KH MIX 8904011505115,5,400,0,0
MODERN FRUITY 200G 8904043551494,5,125,0,0
MODERN 100% WHOLE WHEET 400G 8904043551548,1,50,0,0
MODERN CLASSIC SWEET 500G 8904043551630,1,50,0,0
MODERN MILK PLUS 600G 8904043551678,2,110,0,0
MILMA GHEE 50ML 8904069900047,1,41,0,0
MILMA PANEER 200G 8904069900870,4,420,0,0
MILKY MIST CREAM 8904083300144,2,150,0,0
MILKY MIST CHEESE SLICES 100G 8904083310136,1,100,0,0
CREMICA FRENCH FRIES CLASSIC 70G 8904234195490,1,50,0,0
BAMBINO PASTA MACARONI 200G 8904287001274,1,25,0,0
URBANS CASHEWS PLAIN 500G 8906000680124,1,750,0,0
URBANS CASHEWS PLAIN 250G 8906000680131,4,"1,600.00",0,0
URBANS SALTED PISTANCHIO 80G 8906000680193,2,320,0,0
URBAN NUTS 400G TIN 8906000680544,1,630,0,0
SNICKERS 15G 8906002484003,198,"1,980.00",0,0
WINKIES MARBLE CAKE 110G 8906005610683,11,330,0,0
WINKIES MINI SWISS ROLL CHOCOLATE 8906005618603,11,110,0,0
LIONS DESEEDED DATES 500G RED 8906006720084,1,152,0,0
LIONS DESERTKING DATES 500G 8906006720190,7,"1,729.00",0,0
LION ARABIAN DATES 500G 8906006722187,8,"1,744.00",0,0
ELITE RAGI POWDER 500G 8906007250580,4,200,0,0
NUTRIN LOLLIPOP 8906009011301,57,114,0,0
PARRYS WHITE LABEL SUGAR 1KG 8906009011301,4,220,0,0
PARRYS WHITE LABEL SUGAR 500G 8906009011318,1,30,0,0
UNIBIC CASHEW BADAM COOKIES (50%) 3 8906009071626,10,600,0,0
UNIBIC FRUIT & NUT (50%) 300G 8906009071848,1,75,0,0
UNIBIC CHOCO CHIPS COOKIES 300G 8906009071954,1,75,0,0
UNIBIC BUTTER COOKIES 150G 8906009072104,8,440,0,0
UNIBIC CHOCO  NUT COOKIES  300G 8906009072678,1,75,0,0
UNIBIC PISTA BADAM COOKIES 150G 8906009078687,6,330,0,0
UNIBIC SUGAR FREE CASHEW COOKIES 8906009079646,20,"1,600.00",0,0
MELLO DARK COMPOUND 500G 8906011347405,1,135,0,0
BAKERS BAKING POWDER 100G 8906012890023,1,32,0,0
BAKERS CUSTARD POWDER 100G 8906012890047,2,80,0,0
BAKERS CORN FLOUR 100G 8906012890061,1,33,0,0
BAKERS COCOA POWDER 50G 8906012890221,5,325,0,0
BAKERS PLAIN CHINA GRASS 10G 8906012890306,1,47,0,0
BRAHMINS PUTTU PODI 1KG,4,372,0,0
BRAHMINS PUTTU PODI 500G,3,145,6,237
BRAHMINS FRIED RAVA 1KG,4,440,5,449.95
BRAHMINS FRIED RAVA 500G,6,354,6,288
BRAHMINS SAMBAR PODI 100G,16,816,10,420
BRAHMINS BROKEN SAMBA WHEAT 500,19,"2,261.00",12,"1,176.00"
BRAHMINS AVAL 500 GM,1,74,0,0
BRAHMINS COCONUT CHUTNEY POWDE,1,110,0,0
BRAHMINS APPAM IDIYAPPAM PODI 1KG,2,182,3,222
RICHS WHIP LOOPING 1 LIT,2,521,0,0
RICHS WHIP TOPING 500 ML,1,145,0,0
CREAM BELL COFFE MILK,5,165,26,715
MARIAS CUT MANGO PICKLE GAR 1KG,2,218,2,174
RUCHIYIDAM KACHA AAM 200,5,600,0,0
RG GINGELLY OIL BOTTLE 1000ML,1,286,0,0
MARIES BANANA CHIPS 170G,25,"1,750.00",10,504
MARIES BANANA CHIPS NEW 425G,16,"2,800.00",14,"1,764.00"
MARIES CHILLY MIXTURE 425G,16,"2,000.00",20,"1,792.00"
MARIES CHILLY MIXTURE 170G,42,"2,100.00",60,"2,150.40"
MARIES SWEET MIXTURE 170G,2,100,10,358.4
MARIES WHITE MIXTURE 170G,5,250,15,537.6
MARIES MULLU MURUKKU 170G,15,750,5,179.2
MARIES TAPIOCA CHIPS KOLLI 170,2,100,0,0
MARIES TAPIOCA CHIPS PLAIN 170G,1,50,5,179.2
MARIES KUZHALAPPAM SWEET 170G,7,350,15,537.6
MARIES PAKKAVADA 170G,18,900,30,"1,075.20"
MARIES MADHURASEVA 170G,5,250,10,358.4
MARIES KARACHEVE 170G,1,50,0,0
MARIES PLAIN PEANUT 130G,1,40,15,480.45
MARIES ROASTED PRANUT 130G,4,160,20,640.6
MARIES PLAIN PEANUT 75G,1,25,0,0
MARIES BOLI 5 NOS,11,550,20,716.8
MARIES GHEE ROASTED PEANUT 130G,2,100,0,0
MARIES CHEEDA 170G,3,145,5,179.2
MARIES ACHAPPAM 10NO ROUND,36,"1,620.00",50,"1,624.00"
MARIES ACHAPPAM 27 NOS SQARE,11,550,25,840
MARIES KAKKA CHIPS 100G,2,50,0,0
NANDINI GOOD LIFE 1L,97,"6,208.00",124,"7,100.24"
PAPER BOAT GUAAVA 150ML,2,20,6,53.1
MALANADU CURD 500ML,5,175,10,330
MALANADU HONEY 1000G,2,700,0,0
MALANADU GHEE 200ML,1,154,0,0
KITCHEN SOYA CHUNKS 200G,1,50,0,0
KITCHEN ASAFOETIDA 20G,1,34,0,0
MIDO MILK ECLAIRS 200G,1,140,0,0
MIDO CHOCOLATE ECLAIERS 300G,2,400,0,0
MIDO CHOCOLATE ECLAIRS 400G,1,175,0,0
MIDO HONEY ECLAIERS 300G,2,400,0,0
ASIANS KURKAR STICK,1,50,0,0
ASIANS GILEBEY MURUKKU 180G,2,100,0,0
ASIANS POTATO CHIPS,1,50,5,201.6
TATA MUESLI 0% ADDED SUGAR 500G,1,389,0,0
BUSH VANILLA 20ML,1,28,0,0
ASIANS BANANA CHIPS,7,"1,225.00",5,700
ASIANS BANANA CHIPS 180G,5,350,10,560
ASIANS CHILLI MIXTURE 170G,3,150,10,358.4
ASIANS JACK CHIPS 140GM,7,560,10,649.6
ASIANS MACRONI SWEETS,3,120,5,157.5
ASIANS PAKKAVADA,1,50,10,358.4
ASIANS TAPIOCA CHIPS PLAIN,1,50,0,0
OCEAN ENERGY DRINK 250G,3,225,0,0
MERIIBOY BABY RICHY,30,750,0,0
MARAYOOR JAGGERY 500GM,2,130,0,0
KITCHEN KASHMIRI CHILLI 250G,4,695,0,0
KITCHEN CORIANDER PODI 100G,5,90,0,0
KITCHEN GARAM MASALA 50G,2,88,0,0
KITCHEN MEAT MASALA 100G,2,92,10,320
KITCHEN CHICKEN MASALA 100G,11,516,10,320
KITCHEN CUMIN 100G,11,715,10,479
KITCHEN MUSTARD(KADUKU) 250G,1,37.75,4,107.52
KITCHEN FISH PICKLE 150G,1,83,0,0
KITCHEN PRAWN PICKLE GAR 150G,4,368,3,210.84
KITCHEN FENUGREEK(ULUVA) 250G,1,45,0,0
KITHCHEN GINGER GARLIC PASTE 100G,1,35,0,0
KITCHEN DATES PICKLE 400G,1,140,0,0
MALANADU MILK 500ML RED,38,"1,064.00",100,"2,600.00"
RUCHIYIDAM MANGO BAR,2,130,0,0
ENJOY COCONUT BALLS 6 PCS,4,200,5,200
PAF SESAME ROUND WHITE CANDY 12 P,8,560,22,"1,155.22"
PAF PEANUT CUTING CANDY 100G,2,80,6,171.42
PAF PEANUT CANDY BALL,1,50,12,448.92
PAF SESAME ROUND BLACK CANDY 12 P,5,350,22,"1,155.22"
PAF MIXTURE ROUND CANDY C,2,130,16,780.06
PAF PLAM JAGGERY 300G,2,170,11,829.95
MALKIST CHEESE FLAVOURED 138G,1,50,0,0
"MALABAR""S  TOMATO MURUKKU 130G",11,550,11,352
"MALABAR""S  TAPIOCA CHIPS 170G",1,50,0,0
"MALABAR""S JACK FRUIT CHIPS 150G",4,240,0,0
HONEY BALLS 150G,2,60,0,0
TASTY CHAPPATHI 1NO,16,720,20,860
AASHIRVAD ATTA 1KG,0,0,10,575.7
AASHIRVAD ATTA 2KG,0,0,3,348.48
ACT BUTTER,0,0,15,371.55
ACT-II-CLASSIC SALTED 40G,0,0,15,137.55
ACT-II-MAGIC BUTTER 30G,0,0,15,137.55
AIWA DRINKING WATER2LTR,0,0,24,384
ALPENLIEBE GOLD 340G,0,0,3,267.87
AMUL BUTTER SALTED 500G,0,0,10,"2,560.00"
AMUL BUTTER UNSALTED,0,0,4,"1,024.00"
AMUL BUTTERSCOTCH 2 LIT,0,0,6,"1,620.00"
AMUL BUTTERSCOTCH BLISS 500ML,0,0,6,570
AMUL BUTTERSCOTCH COMBO 750G,0,0,3,675
AMUL BUTTERSCOTCH GOLD 1LIT,0,0,3,609
AMUL CHEESE 100 GM,0,0,10,766
AMUL CHOCOLATE CONE 1PIC,0,0,20,578
AMUL DARK CHOCOLATE,0,0,3,276
AMUL FRESH CREAM 250ML,0,0,6,382.8
AMUL FRUIT B NUT CHOCOLATE,0,0,3,276
AMUL FRUIT N NUT FANTASY 125ML,0,0,8,232
AMUL JUMBO COOKIES N CREAM,0,0,8,264
AMUL JUMBO GIOLD BUTTERSCOTCH,0,0,8,250
AMUL MILK CHOCOLATE,0,0,3,276
AMUL VANILA 750+750ML,0,0,4,760.04
AMUL VANILLA 2 LIT,0,0,6,"1,416.00"
AMUL VANILLA 500ML,0,0,6,470.4
ANNS CHICKEN MASALA 100G,0,0,10,362
ANNS IDIYAPPAM PODI 500G,0,0,6,215.04
ANNS MEAT MASALA 100G,0,0,20,724
ANNS PUTTU PODI 500G,0,0,6,230.04
APPY FIZZ 160ML,0,0,15,123.45
APPY FIZZ 1LIT,0,0,6,285.24
APPY FIZZ 600ML,0,0,12,358.92
APPY FIZZ CAN 250ML RED,0,0,6,164.58
AQUAFINA  WATER 1 LIT,0,0,288,"3,720.96"
ASIANS CHEESE BALL100G,0,0,5,173.6
ASIANS CHILLY TAPIOCA,0,0,5,190.4
BAKERS COCOA POWDER 50G,0,0,10,541.6
BAKERS CUSTARD POWDER 100G,0,0,10,333.2
BAKERS TOMATO KETCHUP 85G,0,0,12,200.04
BAMBINO PASTA MACARONI 200G,0,0,6,136.02
BAMBINO PASTA SHOTT CREAMY CHEES,0,0,6,142.26
BAMBINO SPIRALI PASTA,0,0,9,493.92
BAMBINO TASTY MASALA PASTA 65G,0,0,12,284.52
BAMBINO VERMICELLI 325G,0,0,6,164.64
BINGO CHIPS P OS,0,0,12,108.12
BINGO HASHTAG MASALA,0,0,24,214.56
BINGO MAD ANGLES TOMATO MADNESS,0,0,24,214.2
BINGO NO RULZ 17.3,0,0,60,265.8
BOOST BOTTLE 200G,0,0,6,760.62
BOOST PAC 200G,0,0,6,605.58
BOOST PAC 500G,0,0,3,691.68
BRAHMINS WHEAT POWDER 1KG,0,0,6,357
BRAHMINS WHEAT POWDER 5KG,0,0,3,674.99
BRITANNIA 50-50 GOLMAAL,0,0,6,107.34
BRITANNIA BOUR BON 150G,0,0,15,546.45
BRITANNIA GOOD DAY 120G,0,0,12,274.2
BRITANNIA GOOD DAY CHOCOCHIP COOK,0,0,27,"1,475.55"
BRITANNIA JIMJAM,0,0,6,54.66
BRITANNIA JIMJAM 100G,0,0,6,136.62
BRITANNIA JIMJAM 150G,0,0,6,191.22
BRITANNIA MILK BIKIES CREAM,0,0,10,89.4
BRITANNIA MILK BIKIS 55G,0,0,16,143.04
BRITANNIA MILK BIKIS CREAM 200G,0,0,10,455.4
BRITANNIA TREAT CHOCO,0,0,12,109.32
BRITANNIA TREAT ORANGE,0,0,12,109.32
BRITANNIA TREAT PINEAPPLE,0,0,12,109.32
BRITANNIA TREAT WAFERS CHOCO,0,0,9,201.24
BRITANNIA TREAT WAFERS ORANGE,0,0,4,89.44
BRITANNIA TREAT WAFERS STRAWBERR,0,0,2,44.72
BRITANNIA WINKIN COW ALMOUND SAL,0,0,6,198.3
"BRITANNIA WINKIN COW,BADAM THICK M",0,0,6,176.58
BRITANNIA WINKIN VANILLIA (MILK SHA,0,0,6,176.58
BRU GOLD 50G JAR,0,0,2,336.44
BRU GREEN LABEL 200G,0,0,3,261.48
BRU INSTANT(PACK)50G,0,0,8,822.4
CADBURY CELEBRATIONS 121.3G,0,0,3,272.73
CADBURY CELEBRATIONS 177.8G,0,0,3,401.79
CADBURY CHOCLAIRS GOLD,0,0,13,580.32
CADBURY CHOCOBAKES COOKIES 75G,0,0,6,205.14
CADBURY CHOCOLAIRS GOLD  330G,0,0,6,626.1
CADBURY DAIRY MILK CHOCOLATE 13,0,0,10,892.9
CADBURY DAIRY MILK CRACKLE,0,0,6,241.08
CADBURY DAIRY MILK SILK BUBBLY 12,0,0,3,495.51
CADBURY DAIRY MILK SILK ROAST ALM,0,0,6,455.4
CADBURY PERK 26G,0,0,30,272.7
CADBURY SHOTS 9G,0,0,64,290.56
CADBURY SILK BUBBLY 120G,0,0,3,495.51
CADBURY SILK FRUIT &NUT 137G,0,0,3,495.51
CAMERRY RED VELVET,0,0,2,499.98
CAMERRY STRAWBERRY SUNDAE,0,0,12,480
CAMERRY SUNDAE CHOCOLATE,0,0,6,250.02
CAMERRY SUNDAE PISTA,0,0,12,480
CAMERRY TENDER COCONUT 1000ML,0,0,2,640
CAMERRY TENDER COCONUT 500ML,0,0,4,680
CANDYMAN FANTASTIK 440G,0,0,2,358.16
CANDYMAN FANTASTIK CHOCO VANIL,0,0,4,365.76
CAVINS BUTTERSCOTCH MILKSHAKE 18,0,0,18,468
CAVINS CHOCOLATE SHAKE 180ML,0,0,30,780
CAVINS STRABERRY MILKSHAKE 180ML,0,0,30,780
CAVINS VANILLA MILKSHAKE 180ML,0,0,42,"1,092.00"
CHEETOS CHEEZ PUFFS,0,0,10,91.1
CHOCOS 110G,0,0,3,177.24
COCA-COLA 2.25LIT BOTTLE,0,0,4,322.12
COCACOLA 250ML BOTTLE,0,0,14,228.2
CREAM BELL ELAICHI MILK,0,0,6,165
CREAM BELL KESAR BADAM MILK,0,0,8,220
DAIRY MILK SILK HAZELNUT,0,0,6,455.4
DARK FANTACY BOURBON 150G,0,0,6,214.32
DORITOS SWEET CHILLY,0,0,20,182.2
DOUBLE HORSE PALADA MIX 300G,0,0,6,409.98
DOUBLE MACRONI 200G,0,0,6,135
EASTERN SAMBAR POWDER 100D,0,0,10,400
ELITE MAIDA 500G,0,0,10,287.2
ELITE RAGI POWDER 500G,0,0,6,248.1
EVERYDAY DAIRY WHITENER,0,0,3,111.12
EXCALIBUR APPLE DRINK 750ML,0,0,3,900
"EXCALIBUR CASHEW APPLE 750,L",0,0,3,900
EXCALIBUR GRAPE 750ML,0,0,3,900
EXCALIBUR NELLIKA 750ML,0,0,3,900
FERRERO ROCHER MOMENTS,0,0,6,976.44
FROOTI  160ML,0,0,20,175.4
FROOTI  300ML,0,0,30,507
FROOTI 1.2,0,0,3,186
FROOTI 2LIT,0,0,7,605.04
FROOTI 600ML,0,0,12,448.68
GALAXY,0,0,32,566.4
GOOD DAY CASHEW,0,0,12,274.2
GRANDMAS JAM COMBO PINE &  MIXED F,0,0,3,196.8
GRANDMAS JAM COMBO PINE & STRW J,0,0,3,216
GRANDMAS MIXED FRUIT JAM 100G,0,0,12,240
GRANDMAS PINEAPPLE JAM 100G,0,0,6,120
HALDIRAM MOONG DAL 200G,0,0,3,144.72
HALDIRAMS KHATTA MEETHA,0,0,3,131.58
HALDIRAMS SOAN PAPDI 250G,0,0,3,184.23
HORLICKS CLASSIC JAR 200G,0,0,4,488.88
HORLICKS CLASSIC MALT 200G,0,0,6,638.88
HORLICKS CS 450G,0,0,3,636.12
HORLICKS LITE 450G POUCH,0,0,3,761.1
HORLICKS WOMENS CARAMEL 200,0,0,1,138.88
KELLOGGS CHOCO 250G,0,0,3,392.7
KELLOGGS CORNFAKES ORG 100G,0,0,6,283.62
KELLOGGS FROOT LOOPS 285G,0,0,3,542.7
KELLOGGS PRINGLES PERIPERI,0,0,3,313.62
KELLOGGS PRINGLESS DESI MASALA,0,0,3,313.62
KF TOP CUP MAZEDAAR MASALA,0,0,3,128.67
KINLEY SODA 750ML,0,0,48,815.52
KISSAN MIXED FRUIT JAM,0,0,12,220.2
KITCHEN BLACK PEPPER POWDER,0,0,10,77
KITCHEN CHILLI PODI 250G,0,0,4,283.2
KITCHEN FENUGREEK(ULUVA) 100G,0,0,10,129.7
KITCHEN FISH FRY MASALA,0,0,10,77
KITCHEN GARAM MASALA 15G,0,0,10,77
KITCHEN GINGER GARLIC PASTE 200GM,0,0,6,240.84
KITCHEN MUSTARD(KADUKU) 100G,0,0,60,668.4
KITCHEN PALADA PAYASAM MIX 200G,0,0,6,375.78
KITCHEN TENDER MANGO PICKLE 150G,0,0,2,137.5
KITCHEN TENDER MANGO PICKLE 400G,0,0,2,304.04
KITCHEN TURMERIC PODI 250G(MANJAL),0,0,4,156.4
KNORR CHICKEN DELITE SOUP,0,0,12,660.6
KNORR ITALIAN MUSHROOM,0,0,12,770.64
KNORR NOODLES MASALA,0,0,10,183.5
KOPIKO CANDY 420G,0,0,3,276
KURKURE GREEN CHUTNEY 47G,0,0,30,273.3
KURKURE PLAYS PASTX,0,0,6,111.42
KURKURE PUFFCORN YUMMY CHEESE,0,0,10,91.1
LAYS CHILY LEMON,0,0,30,273.3
LAYS CLASSIC AND SALT 10RS,0,0,10,90.9
LAYS HOT SIZZLING,0,0,10,91.1
LAYS MAGIC MASALA  52G,0,0,10,185.7
LAYS SIZZLIN  HOT 50G,0,0,15,278.55
LAYS WAFER STYLE RS 10,0,0,10,91.1
LEHAR SODA 2 LIT,0,0,54,"1,699.92"
LEHAR SODA 750ML,0,0,121,"1,874.29"
LION DATESSYRUP 250G,0,0,2,189.4
LION DESERT KING DATES 250G,0,0,3,378.24
LION KIMJO DATES 500G,0,0,3,507.42
LOTTE COFFY BITE 1NO,0,0,30,129.9
MAA 160ML,0,0,100,800
MAAZA,0,0,6,221.7
MAGGI COCONUT MILK POWDER 100G,0,0,15,"1,665.24"
MAGGI MASALA NOODLES 280G,0,0,24,"1,101.12"
MAGGI MASALA NOODLES 70G,0,0,12,154.2
MAGGI TOMATO SAUCE 500G,0,0,3,330.27
MARIAS COCONUT CHUTNEY PODI 250G,0,0,4,480.04
MARIAS COCONUT CHUTNEY PODI PAC 1,0,0,3,173.97
MARIAS CUT MANGO 150G,0,0,6,149.88
MARIAS CUT MANGO PICKE 400G,0,0,2,140
MARIAS DATES PICKLE 200G,0,0,3,201
MARIAS DRIED CHILLY CHUTNEY,0,0,3,60
MARIAS FISH PICKLES 200G,0,0,1,97.01
MARIAS LIME PICKLE 150G,0,0,6,150
MARIAS NANNARI SQUASH,0,0,2,252
MARIAS PRAWNS CHUTNEY POWDER 10,0,0,3,204
MARIAS TENDER MANGO 200G,0,0,3,291
MARIAS ULUVA MANGO 100G,0,0,2,76
MARIBO TAPIOCA CHIPS PLAIN,0,0,10,360
MARIES CHILY TAPIOCA CHIPS 170G,0,0,10,358.4
MARIES DAL MIXTURE 170G,0,0,10,358.4
MARIES FRYMES,0,0,5,89.6
MERCELYS CHOCOBAR 1NO,0,0,20,464
MERCELYS PUTTU ICE CREAM,0,0,2,425.34
MERCELYS SPANISH DELIGHT 1LTR,0,0,2,494.94
MERCELYS VANILLA 500ML,0,0,3,290.01
MERICREAM RED VELVET 500ML,0,0,2,290
MERIIBOY ALPHONSO MANGO 1000ML,0,0,4,980.04
MERIIBOY ALPHONSO MANGO 500ML,0,0,2,280
MERIIBOY BUTTERSCOTCH 1000ML,0,0,2,490
MERIIBOY CHOCOLATE 1000ML,0,0,2,520
MERIIBOY CHOCOLATE 500ML,0,0,1,145
MERIIBOY CHOCOLATE CONE 1 PCS,0,0,12,489.96
MERIIBOY SPANISH DELIGHT  1 L,0,0,2,520
MERIIBOY SPANISH DELIGHT 500ML,0,0,5,725
MERIIBOY STRABERRY 1LIT,0,0,4,800
MERIIBOY VANILLA 1LIT,0,0,2,380
MERIIBOY VANILLA 500ML,0,0,5,550
MERIIBOY VANILLA CONE 1 PCS,0,0,12,400.08
MILK PEDA,0,0,20,106.2
MILKY MIST CHEESE SLICES 100G,0,0,10,855
MILKY MIST CURD 400 TIN,0,0,6,359.16
MILKY MIST CURD SET,0,0,3,89.79
MILKY MIST PANEER CUBE 200G,0,0,5,467.95
MILMA BUTTER 500G,0,0,8,"2,231.20"
MILMA BUTTER UNSALTED 200G,0,0,18,"2,120.76"
MILMA GHEE 100ML,0,0,6,433.02
MILMA GHEE 200ML,0,0,3,425.91
MILMA GHEE 500ML,0,0,2,685.7
MILMA GHEE 50ML,0,0,6,238.8
MILMA PANEER 200G,0,0,3,292.8
MILMA PEDA,0,0,100,531
MIRINDA 1.25L,0,0,6,317.7
MIRINDA 2.25LIT,0,0,5,389.13
MIRINDA 250ML CAN,0,0,6,164.58
MIRINDA 750ML,0,0,20,628.8
MOUNTAIN DEW 250ML CAN,0,0,6,164.58
MOUNTAIN DEW 750ML BOTTLE,0,0,14,440.16
NABATI RICHEESE,0,0,18,304.02
NABATI RICHOCO,0,0,18,304.02
NESCAFE CLASSIC 50G,0,0,3,476.61
NESTEA ICED TEA LEMON,0,0,1,186.92
NESTLE CERELAC 5GRAINS&FRUITS 300G,0,0,4,"1,170.64"
NESTLE CERELAC WHEAT APPLE 300G  6 -,0,0,2,458.72
ORBIT SPEARMINT,0,0,16,709.12
PAF MALAR CANDY 9NO,0,0,1,30
PAF PEANUT CUTING CANDY,0,0,12,540.06
PAF PEANUT PLAIN,0,0,11,411.51
PAPER BOAT APPLE 150ML,0,0,6,53.1
PAPER BOAT MANGO 150ML,0,0,6,53.1
PARLE 20-20 CASHEW COOKIES 200G,0,0,12,381.72
PARLE HIDE & SEEK BLACK BOURBONE,0,0,12,324.24
PARLE HIDE & SEEK CHOCO CREME,0,0,36,972.72
PARLE HIDE AND SEEK 100G,0,0,12,324.24
PARLE HIDE AND SEEK 200G,0,0,27,"1,450.35"
PARLE KRACK JACK 200G,0,0,12,424.8
PARLE KRACK JACK 63G+18.9 EXTRA,0,0,12,107.4
PARLE MELODY CHOCOLATE 195G,0,0,10,434.8
PARLE MELODY CHOCOLATE 391G,0,0,15,"1,306.45"
PARLE MILANO CHOCO FILLED DARK,0,0,6,218.16
PARLE MILANO CHOCO HAZELNUT,0,0,6,218.16
PARLE MILANO MIX BERRY,0,0,5,181.75
PARLE-G 100G,0,0,24,218.4
PARLE-G 200G,0,0,36,820.8
PARLE-G 800G,0,0,16,"1,312.00"
PARRYS WHITE LABEL SUGAR 1KG,0,0,6,252
PEPSI 1.25L,0,0,6,317.7
PEPSI 2.25LIT BOTTLE,0,0,8,622.62
PEPSI 250ML BOTTLE,0,0,20,320
PEPSI 250ML CAN,0,0,6,164.58
PEPSI 750ML BOTTLE,0,0,14,440.16
PLUSE SHOTS KACHA,0,0,40,160
PULSE MIX CANDY,0,0,32,256
QUAKER OATS PAC 2KG,0,0,2,675.22
RASNA INSTA 23G,0,0,24,96
RICH DAD VANILLA 1000ML,0,0,2,368
RICH DADSIPUP,0,0,80,624
SEVEN UP 1.25 LIT BOTTLE,0,0,10,529.58
SEVEN UP 2.25LIT,0,0,8,622.62
SEVEN UP 250 ML BOTTLE,0,0,20,320
SEVEN UP 250ML CAN,0,0,6,164.58
SEVEN UP 750 ML BOTTLE,0,0,42,"1,320.48"
SLICE 600ML,0,0,18,618.84
SMOODH CHOCOLATE MILK 85ML,0,0,30,264
SMOODH COFFEE 85ML,0,0,10,88
SMOODH HAZELNUT TP 85ML,0,0,10,88
SMOODH TOFFEE CARAMEL 85ML,0,0,10,88
SNICKERS 1NO,0,0,64,"1,132.80"
SPRITE 2.25L BOTTLE,0,0,5,402.65
SPRITE 250ML  BOTTLE,0,0,28,453.88
STING 250ML,0,0,10,160
STING 500ML,0,0,6,141.78
SUNDROP PEANUT BUTTER CRUNCHY 20,0,0,1,91.76
SUNFEAST BOUNCE CHOCO CREAME,0,0,12,105.72
SUNFEAST BOUNCE DREAM CREME 120G,0,0,12,216
SUNFEAST BOUNCE ORANGE,0,0,24,211.68
SUNFEAST BOUNCE PINEAPPLE 78G,0,0,12,105.72
SUNFEAST BOUNCE STRAWBERRY DREA,0,0,12,216
SUNFEAST DARK FANTASY CHOCO FILLS,0,0,54,"1,892.34"
SUNFEAST DARK FANTASY CHOCO NUT F,0,0,12,417.72
SUNFEAST GLUCOSE BISCUITS 250G,0,0,12,268.44
SUNFEAST MARIE ARROWROOT,0,0,6,242.4
SUNFEAST MARIE LIGHT 200G,0,0,30,654.66
SUNFEAST MARIE LIGHT ORANGE,0,0,7,91.83
SUNFEAST MARIE LIGHT VEDA 250G,0,0,12,419.28
SUNFEAST MOMS MAGIC CASHEW & ALM,0,0,18,807.9
SUNFEAST MOMS MAGIC FRUIT & MILK,0,0,6,267.3
SUNFEAST NICE 150G,0,0,12,269.88
SWISS ROLE CHOCO CAKE,0,0,15,134.1
TAJ MAHAL TEA BAG 47.5G,0,0,3,199.11
TANG LEMON 500G,0,0,3,409.08
TANG LEMON 75G,0,0,6,163.62
TANG MANGO 500G,0,0,3,409.08
TANG MANGO 75G,0,0,6,163.62
TANG ORANGE 75G,0,0,18,490.86
TROPICAN MIXED FRUIT 1L,0,0,2,216.72
TROPICANA APPLE 1L,0,0,2,192.68
TROPICANA APPLE 250ML,0,0,10,166.7
TROPICANA MANGO 1LTR,0,0,4,393.36
TROPICANA ORNGE 1L,0,0,4,412
TROPICANNA GUAVA DELIGHT 200ML,0,0,10,166.7
UNIBIC BUTTER COOKIES 150G,0,0,6,300
UNIBIC CHOCO  NUT COOKIES  300G,0,0,6,409.2
UNIBIC FRUIT & NUT (50%) 300G,0,0,6,409.2
UNIBIC FRUIT & NUTS 150G,0,0,6,300
UNIBIC SNAPPERS CRM & ONION,0,0,3,204.54
UNIBIC SUGAR FREE CASHEW COOKIES,0,0,24,"1,745.28"
UNIBIC WAFERS STRW,0,0,3,150
URBANS CASHEWS PLAIN 80G,0,0,6,570
URBANS DRY ROASTED ALMOUN,0,0,2,240
URBANS PISTA JAR 200G,0,0,2,690
URBANS RAISINS 250G,0,0,3,585
URBANS SALTED PISTANCHIO 80G,0,0,6,750
WINK SWISS MANGO,0,0,5,273
WINK SWISS ROLL CHOCO.,0,0,2,109.2
WINKIES MARBLE CAKE 110G,0,0,9,234
WINKIES MARBLE CAKE LEMON & RASP,0,0,9,234
WINKIES SLICED CHOCO CAKE 110G,0,0,6,156
WINKIES SWIS ROLL CHOCOLATE,0,0,2,156.06
WINKIES SWISS ROLL CHOCO VANILA,0,0,15,134.1
WINKIES SWISS ROLL STRAWBERRY,0,0,5,390.18
YIPPE MOOD MASALA,0,0,6,331.2
YIPPEE MAGIC M  NOODLES 420G,0,0,18,"1,344.78"
YIPPEE MAGIC NOODLES,0,0,24,307.56
YIPPEE MAGIC NOODLES135G,0,0,30,766.86
YIPPEE NOODILES 270G,0,0,18,901.98
